affect,corr
afraid,0.1938263386692249
nervous,0.2528427963938691
ashamed,0.3101644288886784
inspired,0.45318532878964074
upset,0.496573032130813
hostile,0.5143052086778569
determined,0.5646200780306369
Frustrated,0.5753340024243145
attentive,0.6009459385494621
alert,0.6863970224833876
active,0.7840423634366464
