method,silhouette_puzzle_vs_rest,groupkfold_knn_accuracy
PCA,0.10684017358854593,0.7371794871794872
UMAP,0.06875263154506683,0.7692307692307693
t-SNE,0.05830031633377075,0.7628205128205128
