version,pc1_evr,pc2_evr,pc5_cumulative_evr,kmeans_silhouette,kmeans_ari_phase,kmeans_nmi_phase
raw_scaled,0.2781023858048756,0.10048215802575818,0.5841541622830955,0.32030692621699053,-0.0027887547867335317,0.0038382574201443914
subject_z,0.20264927904925065,0.09066149175870429,0.5139289214641742,0.1617402836428937,0.07521864445552412,0.07850589624376997
delta_phase1,0.163196058107359,0.0973958063967339,0.4926356135255922,0.44171513880996105,0.05137844118862593,0.12850748974565615
